{
  "definitions": {},
  "$schema": "http://json-schema.org/draft-07/schema#",
  "type": "object",
  "title": "API Schema from https://www.jsonschema.net/",
  "required": [
    "output",
    "apiProps"
  ],
  "properties": {
    "output": {
      "type": "string",
      "title": "#/properties/output",
      "default": ""
    },
    "naughtyStringsPerc": {
      "type": "integer",
      "title": "#/properties/naughtyStringsPerc",
      "default": 0
    },
    "apiProps": {
      "type": "object",
      "title": "#/properties/apiProps",
      "required": [
        "url",
        "numberOfEvents"
      ],
      "properties": {
        "url": {
          "type": "string",
          "title": "#/properties/apiProps/properties/url",
          "default": "",
          "pattern": "^(.*)$"
        },
        "numberOfEvents": {
          "type": "integer",
          "title": "#/properties/apiProps/properties/numberOfEvents",
          "default": "",
          "pattern": "^(.*)$"
        }
      },
      "userDictionaries": {
        "type": "array",
        "title": "#/properties/userDictionaries",
        "items": {
          "type": "object",
          "title": "#/properties/userDictionaries/items",
          "properties": {
            "name": {
              "type": "string",
              "title": "#/properties/userDictionaries/items/properties/name",
              "default": ""
            },
            "values": {
              "type": "array",
              "title": "#/properties/userDictionaries/items/properties/values",
              "items": {
                "type": "string",
                "title": "#/properties/userDictionaries/items/properties/values/items",
                "default": ""
              }
            }
          },
          "required": [
            "name",
            "values"
          ]
        }
      },
      "parentCorrelationId": {
        "anyOf": [
          {
            "type": "string"
          },
          {
            "type": "null"
          }
        ],
        "title": "#/properties/parentCorrelationId",
        "default": "",
        "pattern": "^(.*)$"
      },
      "rootCorrelationId": {
        "anyOf": [
          {
            "type": "string"
          },
          {
            "type": "null"
          }
        ],
        "title": "#/properties/rootCorrelationId",
        "default": "",
        "pattern": "^(.*)$"
      }
    }
  }
}