{
  "definitions": {},
  "$schema": "http://json-schema.org/draft-07/schema#",
  "type": "object",
  "title": "The Root Schema from https://www.jsonschema.net/",
  "required": [
    "output",
    "cassandraProps"
  ],
  "properties": {
    "output": {
      "type": "string",
      "title": "#/properties/output",
      "default": ""
    },
    "naughtyStringsPerc": {
      "type": "integer",
      "title": "#/properties/naughtyStringsPerc",
      "default": 0
    },
    "kafkaProps": {
      "type": "object",
      "title": "#/properties/cassandraProps",
      "required": [
        "contactsPoints",
        "port",
        "keyspace",
        "userName",
        "password"
      ],
      "properties": {
        "contactPoints": {
          "type": "string",
          "title": "#/properties/cassandraProps/properties/contactPoints",
          "default": ""
        },
        "port": {
          "type": "integer",
          "title": "#/properties/cassandraProps/properties/port",
          "default": ""
        },
        "keyspace": {
          "type": "string",
          "title": "#/properties/cassandraProps/properties/keyspace",
          "default": ""
        },
        "userName": {
          "type": "string",
          "title": "#/properties/cassandraProps/properties/userName",
          "default": ""
        },
        "password": {
          "type": "string",
          "title": "#/properties/cassandraProps/properties/password",
          "default": ""
        },
        "withSSL": {
          "type": "boolean",
          "title": "#/properties/cassandraProps/properties/withSSL",
          "default": false
        },
        "securityProps": {
          "type": "object",
          "title": "#/properties/kafkaProps/properties/securityProps",
          "required": [
            "jksPath",
            "jksPassword"
          ],
          "properties": {
            "jksPath": {
              "type": "string",
              "title": "#/properties/cassandraProps/properties/securityProps/properties/jksPath",
              "default": ""
            },
            "jksPassword": {
              "type": "string",
              "title": "#/properties/cassandraProps/properties/securityProps/properties/jksPassword",
              "default": ""
            }
          }
        },
        "tableName": {
          "type": "string",
          "title": "#/properties/cassandraProps/properties/tableName",
          "default": ""
        },
        "numberOfLines": {
          "type": "integer",
          "title": "#/properties/cassandraProps/properties/numberOfLines",
          "default": 0
        }
      }
    },
    "userDictionaries": {
      "type": "array",
      "title": "#/properties/userDictionaries",
      "items": {
        "type": "object",
        "title": "#/properties/userDictionaries/items",
        "properties": {
          "name": {
            "type": "string",
            "title": "#/properties/userDictionaries/items/properties/name",
            "default": ""
          },
          "values": {
            "type": "array",
            "title": "#/properties/userDictionaries/items/properties/values",
            "items": {
              "type": "string",
              "title": "#/properties/userDictionaries/items/properties/values/items",
              "default": ""
            }
          }
        },
        "required": [
          "name",
          "values"
        ]
      }
    },
    "parentCorrelationId": {
      "anyOf": [
        {"type" : "string"},
        {"type" : "null"}
      ],
      "title": "#/properties/parentCorrelationId",
      "default": ""
    },
    "rootCorrelationId": {
      "anyOf": [
        {"type" : "string"},
        {"type" : "null"}
      ],
      "title": "#/properties/rootCorrelationId",
      "default": ""
    }
  }
}