{
  "definitions": {},
  "$schema": "http://json-schema.org/draft-07/schema#",
  "type": "object",
  "title": "CSV Schema from https://www.jsonschema.net/",
  "properties": {
    "output": {
      "type": "string",
      "title": "#/properties/output",
      "default": "",
      "pattern": "^(.*)$"
    },
    "naughtyStringsPerc": {
      "type": "integer",
      "title": "#/properties/naughtyStringsPerc",
      "default": 0
    },
    "csvProps": {
      "type": "object",
      "title": "#/properties/csvProps",
      "properties": {
        "targetDir": {
          "type": "string",
          "title": "#/properties/csvProps/properties/targetDir",
          "default": "",
          "pattern": "^(.*)$"
        },
        "fileName": {
          "type": "string",
          "title": "#/properties/csvProps/properties/fileName",
          "default": "",
          "pattern": "^(.*)$"
        },
        "archiveName": {
          "anyOf": [
            {"type" : "string"},
            {"type" : "null"}
          ],
          "title": "#/properties/csvProps/properties/archiveName",
          "default": ""
        },
        "numberOfLines": {
          "type": "integer",
          "title": "#/properties/csvProps/properties/numberOfLines",
          "default": 0
        },
        "numberOfFiles": {
          "type": "integer",
          "title": "#/properties/csvProps/properties/numberOfFiles",
          "default": 0
        },
        "withHeader": {
          "type": "boolean",
          "title": "#/properties/csvProps/properties/withHeader",
          "default": false
        },
        "withArchive": {
          "type": "boolean",
          "title": "#/properties/csvProps/properties/withArchive",
          "default": false
        },
        "csvOptions": {
          "type": "object",
          "title": "#/properties/csvProps/properties/csvOptions",
          "properties": {
            "separator": {
              "type": "string",
              "title": "#/properties/csvProps/properties/csvOptions/properties/separator",
              "default": ";"
            },
            "quoteChar": {
              "type": "string",
              "title": "#/properties/csvProps/properties/csvOptions/properties/quoteChar",
              "default": "\u0000"
            },
            "escapeChar": {
              "type": "string",
              "title": "#/properties/csvProps/properties/csvOptions/properties/escapeChar",
              "default": "\""
            },
            "lineEnd": {
              "type": "string",
              "title": "#/properties/csvProps/properties/csvOptions/properties/lineEnd",
              "default": "\n"
            }
          }
        }
      },
      "required": [
        "targetDir",
        "fileName",
        "numberOfLines",
        "numberOfFiles"
      ]
    },
    "userDictionaries": {
      "type": "array",
      "title": "#/properties/userDictionaries",
      "items": {
        "type": "object",
        "title": "#/properties/userDictionaries/items",
        "properties": {
          "name": {
            "type": "string",
            "title": "#/properties/userDictionaries/items/properties/name",
            "default": ""
          },
          "values": {
            "type": "array",
            "title": "#/properties/userDictionaries/items/properties/values",
            "items": {
              "type": "string",
              "title": "#/properties/userDictionaries/items/properties/values/items",
              "default": ""
            }
          }
        },
        "required": [
          "name",
          "values"
        ]
      }
    },
    "parentCorrelationId": {
      "anyOf": [
        {"type" : "string"},
        {"type" : "null"}
      ],
      "title": "#/properties/parentCorrelationId",
      "default": "",
      "pattern": "^(.*)$"
    },
    "rootCorrelationId": {
      "anyOf": [
        {"type" : "string"},
        {"type" : "null"}
      ],
      "title": "#/properties/rootCorrelationId",
      "default": "",
      "pattern": "^(.*)$"
    }
  },
  "required": [
    "output",
    "csvProps"
  ]
}