[
  {
  "output": "csv",
  "naughtyStringsPerc": 20,
  "csvProps": {
    "targetDir": "directory",
    "fileName": "myFile",
    "archiveName": "Archive",
    "numberOfLines": 150,
    "numberOfFiles": 3,
    "withHeader": true,
    "withArchive": false,
    "csvOptions": {
      "separator": ";",
      "quoteChar": "\u0000",
      "escapeChar": "\"",
      "lineEnd": "\n"
    }
  },
  "schemaAvro": {
    "name": "Event",
    "type": "record",
    "namespace": "bnpparibas.itr.event",
    "fields": [
      {
        "name": "nom",
        "type": "string",
        "doc": "lastName"
      },
      {
        "name": "prenom",
        "type": "string",
        "doc": "firstName"
      },
      {
        "name": "email",
        "type": "string",
        "doc": "email"
      },
      {
        "name": "phone",
        "type": "string",
        "doc": "phone"
      }
    ]
  }
}
]