{
  "definitions": {},
  "$schema": "http://json-schema.org/draft-07/schema#",
  "type": "object",
  "title": "The Root Schema from https://www.jsonschema.net/",
  "required": [
    "output",
    "kafkaProps"
  ],
  "properties": {
    "output": {
      "type": "string",
      "title": "#/properties/output",
      "default": ""
    },
    "naughtyStringsPerc": {
      "type": "integer",
      "title": "#/properties/naughtyStringsPerc",
      "default": 0
    },
    "kafkaProps": {
      "type": "object",
      "title": "#/properties/kafkaProps",
      "required": [
        "bootstrapServers",
        "schemaRegistry",
        "topicName"
      ],
      "properties": {
        "bootstrapServers": {
          "type": "string",
          "title": "#/properties/kafkaProps/properties/bootstrapServers",
          "default": ""
        },
        "schemaRegistry": {
          "type": "string",
          "title": "#/properties/kafkaProps/properties/schemaRegistry",
          "default": ""
        },
        "withSSL": {
          "type": "boolean",
          "title": "#/properties/kafkaProps/properties/withSSL",
          "default": false
        },
        "securityProps": {
          "type": "object",
          "title": "#/properties/kafkaProps/properties/securityProps",
          "required": [
            "sslTrustStoreLocation",
            "sslKeyStoreLocation",
            "sslTrustStorePassword",
            "sslKeyStorePassword",
            "sslKeyPassword",
            "sslSRKeyStoreLocation",
            "sslSRKeyStorePassword"
          ],
          "properties": {
            "sslTrustStoreLocation": {
              "type": "string",
              "title": "#/properties/kafkaProps/properties/securityProps/properties/sslTrustStoreLocation",
              "default": ""
            },
            "sslKeyStoreLocation": {
              "type": "string",
              "title": "#/properties/kafkaProps/properties/securityProps/properties/sslKeyStoreLocation",
              "default": ""
            },
            "sslTrustStorePassword": {
              "type": "string",
              "title": "#/properties/kafkaProps/properties/securityProps/properties/sslTrustStorePassword",
              "default": ""
            },
            "sslKeyStorePassword": {
              "type": "string",
              "title": "#/properties/kafkaProps/properties/securityProps/properties/sslKeyStorePassword",
              "default": ""
            },
            "sslKeyPassword": {
              "type": "string",
              "title": "#/properties/kafkaProps/properties/securityProps/properties/sslKeyPassword",
              "default": ""
            },
            "sslSRKeyStoreLocation": {
              "type": "string",
              "title": "#/properties/kafkaProps/properties/securityProps/properties/sslSRKeyStoreLocation",
              "default": ""
            },
            "sslSRKeyStorePassword": {
              "type": "string",
              "title": "#/properties/kafkaProps/properties/securityProps/properties/sslSRKeyStorePassword",
              "default": ""
            }
          }
        },
        "topicName": {
          "type": "string",
          "title": "#/properties/kafkaProps/properties/topicName",
          "default": ""
        },
        "numberOfEvents": {
          "type": "integer",
          "title": "#/properties/kafkaProps/properties/numberOfEvents",
          "default": 0
        }
      }
    },
    "userDictionaries": {
      "type": "array",
      "title": "#/properties/userDictionaries",
      "items": {
        "type": "object",
        "title": "#/properties/userDictionaries/items",
        "properties": {
          "name": {
            "type": "string",
            "title": "#/properties/userDictionaries/items/properties/name",
            "default": ""
          },
          "values": {
            "type": "array",
            "title": "#/properties/userDictionaries/items/properties/values",
            "items": {
              "type": "string",
              "title": "#/properties/userDictionaries/items/properties/values/items",
              "default": ""
            }
          }
        },
        "required": [
          "name",
          "values"
        ]
      }
    },
    "parentCorrelationId": {
      "anyOf": [
        {"type" : "string"},
        {"type" : "null"}
      ],
      "title": "#/properties/parentCorrelationId",
      "default": ""
    },
    "rootCorrelationId": {
      "anyOf": [
        {"type" : "string"},
        {"type" : "null"}
      ],
      "title": "#/properties/rootCorrelationId",
      "default": ""
    }
  }
}